animalName,sequencingBatch,climbID,sampleName,diet,age_d,age_m,validated.gt,sex_climb,sex_ge,validated.sex,seq_genotype,climb_geno
1,100930,23-model-ad-002,380283,GT23-09666,NA,106,4,TRUE,Female,Female,TRUE,WT/VS,WT/VS
2,100934,23-model-ad-002,380287,GT23-09572,NA,108,4,TRUE,Female,Female,TRUE,WT/VS,WT/VS
3,100935,23-model-ad-002,380288,GT23-09707,NA,108,4,TRUE,Female,Female,TRUE,WT/WT,WT/WT
4,78884,23-model-ad-002,348716,GT23-09529,6% Standard,369,12,TRUE,Male,Male,TRUE,WT/WT,WT/WT
5,78885,23-model-ad-002,348717,GT23-09729,6% Standard,368,12,TRUE,Female,Female,TRUE,WT/WT,WT/WT
6,78886,23-model-ad-002,348718,GT23-09641,6% Standard,368,12,TRUE,Female,Female,TRUE,VS/VS,VS/VS
7,78888,23-model-ad-002-run3,348720,GT23-09750,6% Standard,368,12,TRUE,Male,Male,TRUE,VS/VS,VS/VS
8,78925,23-model-ad-002-run3,349094,GT23-09791,6% Standard,366,12,TRUE,Male,Male,TRUE,WT/VS,WT/VS
9,78926,23-model-ad-002,349095,GT23-09517,6% Standard,366,12,TRUE,Male,Male,TRUE,WT/WT,WT/WT
10,78927,23-model-ad-002,349096,GT23-09580,6% Standard,366,12,TRUE,Male,Male,TRUE,WT/WT,WT/VS
11,78928,23-model-ad-002,349097,GT23-09701,6% Standard,366,12,TRUE,Male,Male,TRUE,WT/WT,WT/VS
12,78929,23-model-ad-002-run3,349098,GT23-09764,6% Standard,366,12,TRUE,Female,Female,TRUE,WT/VS,WT/VS
13,78930,23-model-ad-002-run3,349099,GT23-09759,6% Standard,366,12,TRUE,Female,Female,TRUE,WT/VS,WT/VS
14,78931,23-model-ad-002,349100,GT23-09654,6% Standard,366,12,TRUE,Female,Female,TRUE,WT/WT,WT/WT
15,78933,23-model-ad-002-run2,349102,GT23-09804,6% Standard,361,12,TRUE,Female,Male,FALSE,VS/VS,VS/VS
16,78934,23-model-ad-002,349103,GT23-09650,6% Standard,361,12,TRUE,Male,Male,TRUE,VS/VS,VS/VS
17,78936,23-model-ad-002,349105,GT23-09563,6% Standard,361,12,TRUE,Male,Male,TRUE,VS/VS,VS/VS
18,79851,23-model-ad-002,351013,GT23-09596,6% Standard,394,13,TRUE,Female,Female,TRUE,FC/FC,FC/FC
19,80956,23-model-ad-002-run3,352414,GT23-09797,6% Standard,374,12,TRUE,Female,Female,TRUE,WT/FC,WT/FC
20,80957,23-model-ad-002,352415,GT23-09507,6% Standard,374,12,TRUE,Male,Male,TRUE,WT/FC,WT/FC
21,80958,23-model-ad-002-run3,352416,GT23-09737,6% Standard,374,12,TRUE,Male,Male,TRUE,WT/WT,WT/WT
22,80959,23-model-ad-002-run3,352417,GT23-09793,6% Standard,374,12,FALSE,Male,Male,TRUE,WT/WT,WT/WT
23,80960,23-model-ad-002,352418,GT23-09589,6% Standard,374,12,Inconclusive,Male,Male,TRUE,WT/FC,WT/FC
24,80961,23-model-ad-002-run2,352419,GT23-09524,6% Standard,374,12,TRUE,Female,Female,TRUE,WT/WT,WT/WT
25,80962,23-model-ad-002,352420,GT23-09506,6% Standard,374,12,TRUE,Male,Male,TRUE,WT/FC,WT/FC
26,80963,23-model-ad-002,352421,GT23-09544,6% Standard,374,12,TRUE,Male,Male,TRUE,WT/WT,WT/WT
27,80964,23-model-ad-002,352422,GT23-09578,6% Standard,374,12,TRUE,Male,Male,TRUE,FC/FC,FC/FC
28,80968,23-model-ad-002,352426,GT23-09685,6% Standard,374,12,TRUE,Female,Female,TRUE,WT/WT,WT/WT
29,80969,23-model-ad-002,352429,GT23-09717,6% Standard,373,12,TRUE,Female,Female,TRUE,FC/FC,FC/FC
30,80972,23-model-ad-002,352432,GT23-09560,6% Standard,373,12,TRUE,Male,Male,TRUE,WT/WT,WT/FC
31,80973,23-model-ad-002,352433,GT23-09679,6% Standard,373,12,FALSE,Male,Male,TRUE,WT/FC,WT/FC
32,81125,23-model-ad-002,349449,GT23-09680,6% Standard,356,12,TRUE,Female,Female,TRUE,WT/VS,WT/VS
33,81126,23-model-ad-002-run3,349450,GT23-09781,6% Standard,356,12,TRUE,Female,Female,TRUE,WT/VS,WT/VS
34,81128,23-model-ad-002,349452,GT23-09732,6% Standard,356,12,TRUE,Female,Female,TRUE,WT/VS,WT/VS
35,81130,23-model-ad-002-run3,349454,GT23-09782,6% Standard,356,12,TRUE,Female,Female,TRUE,WT/WT,WT/WT
36,81131,23-model-ad-002,349455,GT23-09606,6% Standard,356,12,TRUE,Male,Male,TRUE,VS/VS,VS/VS
37,81132,23-model-ad-002,349456,GT23-09534,6% Standard,356,12,TRUE,Male,Male,TRUE,VS/VS,VS/VS
38,81329,23-model-ad-002,350764,GT23-09595,6% Standard,342,11,TRUE,Male,Male,TRUE,WT/WT,WT/WT
39,81330,23-model-ad-002-run2,350765,GT23-09802,6% Standard,342,11,TRUE,Male,Male,TRUE,WT/VS,WT/VS
40,81331,23-model-ad-002,350766,GT23-09700,6% Standard,342,11,TRUE,Male,Male,TRUE,WT/WT,WT/WT
41,81332,23-model-ad-002,350767,GT23-09639,6% Standard,342,11,TRUE,Male,Male,TRUE,WT/WT,WT/VS
42,81333,23-model-ad-002-run3,350768,GT23-09740,6% Standard,342,11,TRUE,Male,Male,TRUE,WT/VS,WT/VS
43,81398,23-model-ad-002,350833,GT23-09653,6% Standard,393,13,TRUE,Female,Female,TRUE,WT/FC,WT/FC
44,81649,23-model-ad-002,352075,GT23-09608,6% Standard,374,12,TRUE,Male,Male,TRUE,VS/VS,VS/VS
45,81653,23-model-ad-002,352079,GT23-09532,6% Standard,374,12,TRUE,Female,Female,TRUE,WT/WT,WT/WT
46,81654,23-model-ad-002,352080,GT23-09714,6% Standard,332,11,TRUE,Female,Female,TRUE,WT/VS,WT/VS
47,81655,23-model-ad-002,352081,GT23-09566,6% Standard,374,12,TRUE,Male,Male,TRUE,WT/WT,WT/WT
48,81656,23-model-ad-002,352082,GT23-09638,6% Standard,374,12,TRUE,Male,Male,TRUE,WT/WT,WT/WT
49,81659,23-model-ad-002,352085,GT23-09708,6% Standard,371,12,TRUE,Female,Female,TRUE,Inconclusive,WT/WT
50,81660,23-model-ad-002,352086,GT23-09492,6% Standard,371,12,TRUE,Female,Female,TRUE,VS/VS,VS/VS
51,81661,23-model-ad-002,352087,GT23-09731,6% Standard,371,12,TRUE,Female,Female,TRUE,VS/VS,VS/VS
52,81713,23-model-ad-002,352297,GT23-09675,6% Standard,366,12,TRUE,Female,Female,TRUE,WT/WT,WT/WT
53,81836,23-model-ad-002,352937,GT23-09694,6% Standard,358,12,TRUE,Female,Female,TRUE,VS/VS,VS/VS
54,82753,23-model-ad-002,354816,GT23-09644,6% Standard,330,11,TRUE,Female,Female,TRUE,VS/VS,VS/VS
55,83199,23-model-ad-002,353941,GT23-09720,NA,367,12,TRUE,Female,Female,TRUE,FC/FC,FC/FC
56,83901,23-model-ad-002,353943,GT23-09577,NA,367,12,TRUE,male,Male,FALSE,FC/FC,FC/FC
57,83902,23-model-ad-002,353944,GT23-09677,NA,367,12,TRUE,Female,Female,TRUE,FC/FC,FC/FC
58,83906,23-model-ad-002,354023,GT23-09530,NA,367,12,TRUE,Male,Male,TRUE,FC/FC,FC/FC
59,83907,23-model-ad-002,353948,GT23-09681,NA,367,12,TRUE,Female,Female,TRUE,FC/FC,FC/FC
60,83908,23-model-ad-002,353949,GT23-09711,NA,367,12,TRUE,Female,Female,TRUE,WT/WT,WT/WT
61,83909,23-model-ad-002,353950,GT23-09669,NA,367,12,TRUE,Male,Male,TRUE,FC/FC,FC/FC
62,83910,23-model-ad-002,353951,GT23-09662,NA,367,12,TRUE,Male,Male,TRUE,WT/WT,WT/WT
63,83911,23-model-ad-002-run3,353952,GT23-09745,NA,367,12,TRUE,Male,Male,TRUE,FC/FC,FC/FC
64,83913,23-model-ad-002-run3,353954,GT23-09744,NA,367,12,TRUE,Male,Male,TRUE,FC/FC,FC/FC
65,83914,23-model-ad-002-run2,353955,GT23-09806,NA,367,12,TRUE,Male,Male,TRUE,FC/FC,FC/FC
66,83916,23-model-ad-002,353957,GT23-09636,NA,367,12,TRUE,Female,Female,TRUE,WT/WT,WT/WT
67,83917,23-model-ad-002,353958,GT23-09614,NA,367,12,TRUE,Female,Female,TRUE,WT/FC,WT/FC
68,83965,23-model-ad-002-run3,354088,GT23-09770,NA,360,12,TRUE,Male,Male,TRUE,WT/WT,WT/WT
69,83966,23-model-ad-002,354089,GT23-09527,NA,360,12,TRUE,Male,Male,TRUE,WT/FC,WT/FC
70,83969,23-model-ad-002,354092,GT23-09625,NA,360,12,TRUE,Female,Female,TRUE,WT/FC,WT/FC
71,84087,23-model-ad-002,361637,GT23-09513,NA,123,4,TRUE,Male,Male,TRUE,WT/FC,WT/FC
72,84088,23-model-ad-002-run3,361638,GT23-09786,NA,123,4,TRUE,Male,Male,TRUE,WT/WT,WT/WT
73,84089,23-model-ad-002-run3,361639,GT23-09788,NA,123,4,TRUE,Male,Male,TRUE,FC/FC,FC/FC
74,84126,23-model-ad-002,361917,GT23-09612,6% Standard,118,4,TRUE,Female,Female,TRUE,FC/FC,FC/FC
75,84127,23-model-ad-002,361918,GT23-09548,6% Standard,160,5,TRUE,Female,Female,TRUE,WT/FC,WT/WT
76,84128,23-model-ad-002,361919,GT23-09661,6% Standard,118,4,TRUE,Male,Male,TRUE,FC/FC,FC/FC
77,84129,23-model-ad-002-run2,361920,GT23-09803,6% Standard,118,4,TRUE,Male,Male,TRUE,WT/WT,WT/WT
78,84130,23-model-ad-002,361921,GT23-09535,6% Standard,118,4,TRUE,Male,Male,TRUE,FC/FC,FC/FC
79,84133,23-model-ad-002,361924,GT23-09602,6% Standard,118,4,TRUE,Male,Male,TRUE,FC/FC,FC/FC
80,84135,23-model-ad-002,361926,GT23-09550,6% Standard,117,4,TRUE,Male,Male,TRUE,WT/WT,WT/WT
81,84136,23-model-ad-002,361927,GT23-09493,6% Standard,117,4,TRUE,Male,Male,TRUE,WT/WT,WT/WT
82,84200,23-model-ad-002,353942,GT23-09620,NA,732,12,TRUE,Female,Female,TRUE,WT/FC,WT/FC
83,84461,23-model-ad-002,362246,GT23-09528,6% Standard,129,4,TRUE,Male,Male,TRUE,WT/VS,WT/VS
84,84462,23-model-ad-002,362247,GT23-09553,6% Standard,129,4,TRUE,Male,Male,TRUE,WT/WT,VS/VS
85,84463,23-model-ad-002,362248,GT23-09693,6% Standard,129,4,TRUE,Male,Male,TRUE,WT/WT,WT/WT
86,84464,23-model-ad-002,362249,GT23-09515,6% Standard,129,4,TRUE,Male,Male,TRUE,WT/VS,WT/VS
87,84616,23-model-ad-002,362634,GT23-09730,6% Standard,119,4,TRUE,Male,Male,TRUE,WT/VS,WT/WT
88,85805,23-model-ad-002,360869,GT23-09627,6% Standard,149,5,TRUE,Female,Female,TRUE,VS/VS,VS/VS
89,85807,23-model-ad-002,360871,GT23-09668,6% Standard,149,5,TRUE,Male,Male,TRUE,WT/WT,WT/WT
90,85808,23-model-ad-002-run3,360872,GT23-09738,6% Standard,141,5,TRUE,Male,Male,TRUE,WT/VS,WT/VS
91,85809,23-model-ad-002-run3,360873,GT23-09787,6% Standard,141,5,TRUE,Male,Male,TRUE,VS/VS,VS/VS
92,85810,23-model-ad-002,360874,GT23-09583,6% Standard,141,5,TRUE,Male,Male,TRUE,Inconclusive,WT/VS
93,85956,23-model-ad-002,361488,GT23-09696,6% Standard,138,5,TRUE,Male,Male,TRUE,VS/VS,WT/VS
94,85957,23-model-ad-002,361489,GT23-09541,6% Standard,138,5,TRUE,Male,Male,TRUE,WT/WT,WT/WT
95,85958,23-model-ad-002-run3,361490,GT23-09774,6% Standard,138,5,TRUE,Male,Male,TRUE,WT/VS,WT/VS
96,85959,23-model-ad-002,361491,GT23-09545,6% Standard,136,5,TRUE,Male,Male,TRUE,Inconclusive,WT/WT
97,85961,23-model-ad-002,361493,GT23-09540,6% Standard,136,5,TRUE,Female,Female,TRUE,WT/VS,WT/VS
98,85962,23-model-ad-002,361494,GT23-09713,6% Standard,136,5,TRUE,Female,Female,TRUE,VS/VS,VS/VS
99,85963,23-model-ad-002,361495,GT23-09502,6% Standard,136,5,TRUE,Female,Female,TRUE,WT/WT,WT/WT
100,85964,23-model-ad-002-run3,361496,GT23-09772,6% Standard,136,5,TRUE,Female,Female,TRUE,VS/VS,VS/VS
101,85965,23-model-ad-002,361497,GT23-09709,6% Standard,136,5,TRUE,Female,Female,TRUE,Inconclusive,WT/VS
102,85967,23-model-ad-002,361499,GT23-09588,6% Standard,141,5,TRUE,Female,Female,TRUE,WT/WT,WT/WT
103,86014,23-model-ad-002,364655,GT23-09575,6% Standard,103,3,TRUE,Male,Male,TRUE,WT/WT,WT/WT
104,86330,23-model-ad-002,360503,GT23-09609,6% Standard,140,5,TRUE,Female,Female,TRUE,WT/FC,WT/FC
105,86331,23-model-ad-002,360504,GT23-09598,6% Standard,140,5,TRUE,Male,Male,TRUE,WT/FC,WT/FC
106,86332,23-model-ad-002,360505,GT23-09671,6% Standard,140,5,TRUE,Male,Male,TRUE,FC/FC,FC/FC
107,86333,23-model-ad-002,360506,GT23-09649,6% Standard,135,4,TRUE,Female,Female,TRUE,WT/WT,WT/WT
108,86334,23-model-ad-002,360507,GT23-09521,6% Standard,135,4,TRUE,Female,Female,TRUE,WT/FC,WT/FC
109,86335,23-model-ad-002,360508,GT23-09718,6% Standard,135,4,TRUE,Female,Female,TRUE,WT/FC,WT/FC
110,86336,23-model-ad-002,360509,GT23-09691,6% Standard,135,4,TRUE,Male,Male,TRUE,WT/WT,WT/WT
111,86337,23-model-ad-002,360510,GT23-09723,6% Standard,135,4,TRUE,Male,Male,TRUE,WT/FC,WT/FC
112,86374,23-model-ad-002-run3,361046,GT23-09755,6% Standard,129,4,TRUE,Male,Male,TRUE,WT/FC,WT/FC
113,86375,23-model-ad-002,361047,GT23-09735,6% Standard,129,4,TRUE,Male,Male,TRUE,FC/FC,FC/FC
114,89053,23-model-ad-002,364185,GT23-09618,NA,115,4,TRUE,Female,Female,TRUE,FC/FC,FC/FC
115,89054,23-model-ad-002,364186,GT23-09702,NA,115,4,TRUE,Female,Female,TRUE,FC/FC,WT/FC
116,89055,23-model-ad-002,364187,GT23-09546,NA,115,4,FALSE,Female,Female,TRUE,FC/FC,WT/FC
117,89056,23-model-ad-002,364188,GT23-09705,NA,115,4,TRUE,Female,Female,TRUE,WT/FC,WT/FC
118,89058,23-model-ad-002,364190,GT23-09592,NA,115,4,TRUE,Male,Male,TRUE,Inconclusive,WT/FC
119,89059,23-model-ad-002,364191,GT23-09704,NA,115,4,TRUE,Male,Male,TRUE,WT/FC,WT/FC
120,89149,23-model-ad-002,362363,GT23-09573,6% Standard,143,5,TRUE,Female,Female,TRUE,WT/WT,WT/WT
121,89151,23-model-ad-002-run3,362365,GT23-09749,6% Standard,147,5,TRUE,Female,Female,TRUE,WT/WT,WT/WT
122,89370,23-model-ad-002,363997,GT23-09537,6% Standard,121,4,TRUE,Female,Female,TRUE,FC/FC,FC/FC
123,90103,23-model-ad-002,363242,GT23-09673,6% Standard,107,4,TRUE,Female,Female,TRUE,WT/WT,WT/WT
124,90104,23-model-ad-002,363243,GT23-09658,6% Standard,106,4,TRUE,Female,Female,TRUE,WT/WT,WT/WT
125,90105,23-model-ad-002,363244,GT23-09607,6% Standard,106,4,TRUE,Male,Male,TRUE,WT/WT,WT/WT
126,98233,23-model-ad-002-run3,378522,GT23-09789,NA,137,5,TRUE,Female,Female,TRUE,VS/VS,VS/VS
127,98556,23-model-ad-002,379824,GT23-09555,6% Standard,112,4,FALSE,Female,Female,TRUE,WT/WT,WT/WT
128,98756,23-model-ad-002,378794,GT23-09722,NA,130,4,TRUE,Female,Female,TRUE,VS/VS,VS/VS
129,98759,23-model-ad-002,378797,GT23-09663,NA,130,4,TRUE,Male,Male,TRUE,VS/VS,VS/VS
130,98928,23-model-ad-002,379673,GT23-09667,6% Standard,128,4,TRUE,Female,Female,TRUE,VS/VS,VS/VS
131,98929,23-model-ad-002,379674,GT23-09683,6% Standard,128,4,TRUE,Male,Male,TRUE,VS/VS,VS/VS
132,98930,23-model-ad-002,379675,GT23-09628,6% Standard,128,4,TRUE,Male,Male,TRUE,VS/VS,VS/VS
